model,task,split,n_params,auc_test
gbm,10093,1,400,0.997232275920801
gbm,10093,10,400,0.994823123382226
gbm,10093,2,400,0.98573557589951
gbm,10093,3,400,0.993205349439172
gbm,10093,4,400,0.997842968075928
gbm,10093,5,400,0.999568593615185
gbm,10093,6,400,0.98899913718723
gbm,10093,7,400,0.999568593615185
gbm,10093,8,400,0.998921484037964
gbm,10093,9,400,0.988028472821398
gbm,10101,1,400,0.761208576998051
gbm,10101,10,400,0.746646026831785
gbm,10101,2,400,0.863060428849903
gbm,10101,3,400,0.676900584795322
gbm,10101,4,400,0.696393762183236
gbm,10101,5,400,0.801656920077973
gbm,10101,6,400,0.719298245614035
gbm,10101,7,400,0.735867446393762
gbm,10101,8,400,0.747563352826511
gbm,10101,9,400,0.768317853457172
gbm,14965,1,400,0.901455855876328
gbm,14965,10,400,0.91090474900652
gbm,14965,2,400,0.903158889799573
gbm,14965,3,400,0.914439464941225
gbm,14965,4,400,0.911555625428551
gbm,14965,5,400,0.910637910982646
gbm,14965,6,400,0.885775568149532
gbm,14965,7,400,0.894811835391009
gbm,14965,8,400,0.913597516393846
gbm,14965,9,400,0.903195805599858
gbm,14966,1,400,0.799589603283174
gbm,14966,10,400,0.777806444215113
gbm,14966,2,400,0.822846259594455
gbm,14966,3,400,0.84051724137931
gbm,14966,4,400,0.879496505899874
gbm,14966,5,400,0.848020964600756
gbm,14966,6,400,0.813495245732615
gbm,14966,7,400,0.823204261656547
gbm,14966,8,400,0.829922027290448
gbm,14966,9,400,0.83157034743722
gbm,219,1,400,0.862350810874584
gbm,219,10,400,0.868114410159228
gbm,219,2,400,0.862314838877339
gbm,219,3,400,0.850279453127554
gbm,219,4,400,0.865512808550783
gbm,219,5,400,0.864916201941518
gbm,219,6,400,0.86405902228687
gbm,219,7,400,0.879037486632423
gbm,219,8,400,0.873660268496629
gbm,219,9,400,0.859053227159761
gbm,3,1,400,0.989550311142421
gbm,3,10,400,0.982626851560038
gbm,3,2,400,0.979413721576455
gbm,3,3,400,0.984423310242261
gbm,3,4,400,0.991174513717663
gbm,3,5,400,0.986027944111776
gbm,3,6,400,0.988943681264921
gbm,3,7,400,0.968934561776518
gbm,3,8,400,0.979987393633785
gbm,3,9,400,0.986231484399622
gbm,31,1,400,0.836190476190476
gbm,31,10,400,0.74952380952381
gbm,31,2,400,0.750476190476191
gbm,31,3,400,0.712857142857143
gbm,31,4,400,0.777142857142857
gbm,31,5,400,0.75047619047619
gbm,31,6,400,0.809047619047619
gbm,31,7,400,0.808095238095238
gbm,31,8,400,0.858571428571429
gbm,31,9,400,0.784761904761905
gbm,34537,1,400,0.981168831168831
gbm,34537,10,400,0.982362701178032
gbm,34537,2,400,0.985285250463822
gbm,34537,3,400,0.982194208852372
gbm,34537,4,400,0.983540948847071
gbm,34537,5,400,0.97924231380864
gbm,34537,6,400,0.983085677104082
gbm,34537,7,400,0.982660744163812
gbm,34537,8,400,0.982394225983076
gbm,34537,9,400,0.981081798573088
gbm,3485,1,400,0.985200845665962
gbm,3485,10,400,0.992090662259474
gbm,3485,2,400,0.935635424007517
gbm,3485,3,400,0.944326990838619
gbm,3485,4,400,0.97509983556495206
gbm,3485,5,400,0.988607000234907
gbm,3485,6,400,0.982969227155274
gbm,3485,7,400,0.998384863867097
gbm,3485,8,400,0.976153936961398
gbm,3485,9,400,0.976626136229489
gbm,3492,1,400,0.705357142857143
gbm,3492,10,400,0.605820105820106
gbm,3492,2,400,0.723214285714286
gbm,3492,3,400,0.633928571428571
gbm,3492,4,400,0.627551020408163
gbm,3492,5,400,0.725765306122449
gbm,3492,6,400,0.691326530612245
gbm,3492,7,400,0.685185185185185
gbm,3492,8,400,0.69047619047619
gbm,3492,9,400,0.794973544973545
gbm,3493,1,400,0.558333333333333
gbm,3493,10,400,0.444444444444444
gbm,3493,2,400,0.4525
gbm,3493,3,400,0.71
gbm,3493,4,400,0.5275
gbm,3493,5,400,0.6025
gbm,3493,6,400,0.394383394383394
gbm,3493,7,400,0.528693528693529
gbm,3493,8,400,0.682539682539683
gbm,3493,9,400,0.492063492063492
gbm,3494,1,400,0.960408684546616
gbm,3494,10,400,1
gbm,3494,2,400,1
gbm,3494,3,400,1
gbm,3494,4,400,1
gbm,3494,5,400,1
gbm,3494,6,400,1
gbm,3494,7,400,1
gbm,3494,8,400,0.941644562334218
gbm,3494,9,400,0.939655172413793
gbm,37,1,400,0.902222222222222
gbm,37,10,400,0.786923076923077
gbm,37,2,400,0.772592592592593
gbm,37,3,400,0.866666666666667
gbm,37,4,400,0.82962962962963
gbm,37,5,400,0.791851851851852
gbm,37,6,400,0.892592592592593
gbm,37,7,400,0.814074074074074
gbm,37,8,400,0.843703703703704
gbm,37,9,400,0.835384615384615
gbm,3891,1,400,0.945839978734716
gbm,3891,10,400,0.918983957219251
gbm,3891,2,400,0.904804625199362
gbm,3891,3,400,0.934376661350346
gbm,3891,4,400,0.918460925039872
gbm,3891,5,400,0.928129984051037
gbm,3891,6,400,0.895812562313061
gbm,3891,7,400,0.911365902293121
gbm,3891,8,400,0.943934862080425
gbm,3891,9,400,0.903676470588235
gbm,3899,1,400,0.959816976704081
gbm,3899,10,400,0.949858199984975
gbm,3899,2,400,0.960186247385114
gbm,3899,3,400,0.970317760232734
gbm,3899,4,400,0.964819938367411
gbm,3899,5,400,0.958370822742575
gbm,3899,6,400,0.950075332146281
gbm,3899,7,400,0.951532253979095
gbm,3899,8,400,0.961514936028654
gbm,3899,9,400,0.954427728945984
gbm,3902,1,400,0.950954861111111
gbm,3902,10,400,0.955422794117647
gbm,3902,2,400,0.908420138888889
gbm,3902,3,400,0.947482638888889
gbm,3902,4,400,0.936848958333333
gbm,3902,5,400,0.946614583333333
gbm,3902,6,400,0.915364583333333
gbm,3902,7,400,0.937934027777778
gbm,3902,8,400,0.935112847222222
gbm,3902,9,400,0.911764705882353
gbm,3903,1,400,0.780141843971631
gbm,3903,10,400,0.830580357142857
gbm,3903,2,400,0.868572695035461
gbm,3903,3,400,0.838652482269504
gbm,3903,4,400,0.867857142857143
gbm,3903,5,400,0.785044642857143
gbm,3903,6,400,0.793973214285714
gbm,3903,7,400,0.819642857142857
gbm,3903,8,400,0.783482142857143
gbm,3903,9,400,0.837053571428571
gbm,3913,1,400,0.893939393939394
gbm,3913,10,400,0.902439024390244
gbm,3913,2,400,0.91017316017316
gbm,3913,3,400,0.886904761904762
gbm,3913,4,400,0.854761904761905
gbm,3913,5,400,0.904761904761905
gbm,3913,6,400,0.912416851441242
gbm,3913,7,400,0.810421286031042
gbm,3913,8,400,0.613082039911308
gbm,3913,9,400,0.787139689578714
gbm,3917,1,400,0.790677374301676
gbm,3917,10,400,0.746488764044944
gbm,3917,2,400,0.782821229050279
gbm,3917,3,400,0.826291899441341
gbm,3917,4,400,0.822948586993531
gbm,3917,5,400,0.737061627511066
gbm,3917,6,400,0.772471910112359
gbm,3917,7,400,0.817585972080354
gbm,3917,8,400,0.835291113381001
gbm,3917,9,400,0.866275110657133
gbm,3918,1,400,0.714972527472527
gbm,3918,10,400,0.862690707350902
gbm,3918,2,400,0.89010989010989
gbm,3918,3,400,0.842233009708738
gbm,3918,4,400,0.762742718446602
gbm,3918,5,400,0.797936893203884
gbm,3918,6,400,0.836165048543689
gbm,3918,7,400,0.883495145631068
gbm,3918,8,400,0.842839805825243
gbm,3918,9,400,0.782766990291262
gbm,3954,1,400,1
gbm,3954,10,400,1
gbm,3954,2,400,1
gbm,3954,3,400,1
gbm,3954,4,400,1
gbm,3954,5,400,1
gbm,3954,6,400,1
gbm,3954,7,400,1
gbm,3954,8,400,1
gbm,3954,9,400,1
gbm,43,1,400,0.971720036236165
gbm,43,10,400,0.971454880294659
gbm,43,2,400,0.984336706459009
gbm,43,3,400,0.987746066882758
gbm,43,4,400,0.984732370938038
gbm,43,5,400,0.962613121051902
gbm,43,6,400,0.980979821382602
gbm,43,7,400,0.9682567971643
gbm,43,8,400,0.975138121546961
gbm,43,9,400,0.974088595813778
gbm,49,1,400,0.776815776815777
gbm,49,10,400,0.812316715542522
gbm,49,2,400,0.781625781625782
gbm,49,3,400,0.808080808080808
gbm,49,4,400,0.784511784511784
gbm,49,5,400,0.865800865800866
gbm,49,6,400,0.838383838383838
gbm,49,7,400,0.783206831119545
gbm,49,8,400,0.829222011385199
gbm,49,9,400,0.809872922776149
gbm,9946,1,400,0.997354497354497
gbm,9946,10,400,1
gbm,9946,2,400,0.994708994708995
gbm,9946,3,400,0.964285714285714
gbm,9946,4,400,0.988095238095238
gbm,9946,5,400,1
gbm,9946,6,400,0.998677248677249
gbm,9946,7,400,0.993386243386243
gbm,9946,8,400,0.98961038961039
gbm,9946,9,400,0.985714285714286
gbm,9952,1,400,0.864508215614607
gbm,9952,10,400,0.881683421647766
gbm,9952,2,400,0.879877506667984
gbm,9952,3,400,0.85360894333037
gbm,9952,4,400,0.873826928776055
gbm,9952,5,400,0.854670620982172
gbm,9952,6,400,0.873285174630526
gbm,9952,7,400,0.905195838027702
gbm,9952,8,400,0.874577506793028
gbm,9952,9,400,0.875014443949223
gbm,9957,1,400,0.900793650793651
gbm,9957,10,400,0.911030595813205
gbm,9957,2,400,0.936111111111111
gbm,9957,3,400,0.871825396825397
gbm,9957,4,400,0.940873015873016
gbm,9957,5,400,0.877380952380952
gbm,9957,6,400,0.886122448979592
gbm,9957,7,400,0.932040816326531
gbm,9957,8,400,0.883673469387755
gbm,9957,9,400,0.951836734693878
gbm,9967,1,400,1
gbm,9967,10,400,1
gbm,9967,2,400,1
gbm,9967,3,400,1
gbm,9967,4,400,1
gbm,9967,5,400,1
gbm,9967,6,400,1
gbm,9967,7,400,1
gbm,9967,8,400,1
gbm,9967,9,400,1
gbm,9970,1,400,0.55428648212846
gbm,9970,10,400,0.573907103825137
gbm,9970,2,400,0.544880408492341
gbm,9970,3,400,0.546857923497268
gbm,9970,4,400,0.583060109289617
gbm,9970,5,400,0.539344262295082
gbm,9970,6,400,0.515573770491803
gbm,9970,7,400,0.44672131147541
gbm,9970,8,400,0.514617486338798
gbm,9970,9,400,0.472814207650273
gbm,9971,1,400,0.746498599439776
gbm,9971,10,400,0.822916666666667
gbm,9971,2,400,0.606442577030812
gbm,9971,3,400,0.803921568627451
gbm,9971,4,400,0.720229555236729
gbm,9971,5,400,0.658536585365854
gbm,9971,6,400,0.721664275466284
gbm,9971,7,400,0.781922525107604
gbm,9971,8,400,0.730654761904762
gbm,9971,9,400,0.75297619047619
gbm,9976,1,400,0.696923076923077
gbm,9976,10,400,0.735325443786982
gbm,9976,2,400,0.709526627218935
gbm,9976,3,400,0.655739644970414
gbm,9976,4,400,0.68514792899408306
gbm,9976,5,400,0.728520710059172
gbm,9976,6,400,0.716331360946746
gbm,9976,7,400,0.64905325443787
gbm,9976,8,400,0.674201183431953
gbm,9976,9,400,0.650118343195266
gbm,9977,1,400,0.982355322182942
gbm,9977,10,400,0.981431168393731
gbm,9977,2,400,0.983618617194555
gbm,9977,3,400,0.980890036163905
gbm,9977,4,400,0.983170588890218
gbm,9977,5,400,0.981704858004099
gbm,9977,6,400,0.983295275174523
gbm,9977,7,400,0.982623684888352
gbm,9977,8,400,0.985465250672003
gbm,9977,9,400,0.981500102369017
gbm,9978,1,400,0.934348739495798
gbm,9978,10,400,0.871044303797468
gbm,9978,2,400,0.901785714285714
gbm,9978,3,400,0.819984243697479
gbm,9978,4,400,0.915703781512605
gbm,9978,5,400,0.950685654008439
gbm,9978,6,400,0.895042194092827
gbm,9978,7,400,0.877637130801688
gbm,9978,8,400,0.842827004219409
gbm,9978,9,400,0.857331223628692
gbm,9980,1,400,0.61
gbm,9980,10,400,0.791836734693878
gbm,9980,2,400,0.96
gbm,9980,3,400,0.59
gbm,9980,4,400,0.875
gbm,9980,5,400,0.926530612244898
gbm,9980,6,400,0.926530612244898
gbm,9980,7,400,0.685714285714286
gbm,9980,8,400,0.987755102040816
gbm,9980,9,400,0.804081632653061
gbm,9983,1,400,0.799325132595411
gbm,9983,10,400,0.768818046737809
gbm,9983,2,400,0.777556785426035
gbm,9983,3,400,0.775730896172028
gbm,9983,4,400,0.767687795457166
gbm,9983,5,400,0.790999185691226
gbm,9983,6,400,0.784644154271878
gbm,9983,7,400,0.78371814827626
gbm,9983,8,400,0.771088297537035
gbm,9983,9,400,0.770031068485749
gbm300,10093,1,1200,1
gbm300,10093,10,1200,0.999568593615185
gbm300,10093,2,1200,1
gbm300,10093,3,1200,0.999784296807593
gbm300,10093,4,1200,1
gbm300,10093,5,1200,1
gbm300,10093,6,1200,1
gbm300,10093,7,1200,1
gbm300,10093,8,1200,1
gbm300,10093,9,1200,1
gbm300,10101,1,1200,0.75
gbm300,10101,10,1200,0.723942208462332
gbm300,10101,2,1200,0.844541910331384
gbm300,10101,3,1200,0.62280701754386
gbm300,10101,4,1200,0.675925925925926
gbm300,10101,5,1200,0.804093567251462
gbm300,10101,6,1200,0.723684210526316
gbm300,10101,7,1200,0.748050682261209
gbm300,10101,8,1200,0.712962962962963
gbm300,10101,9,1200,0.757997936016512
gbm300,14965,1,1200,0.912506148519834
gbm300,14965,10,1200,0.920892825348239
gbm300,14965,2,1200,0.913207013789283
gbm300,14965,3,1200,0.921076084115301
gbm300,14965,4,1200,0.920614859208019
gbm300,14965,5,1200,0.919857673759618
gbm300,14965,6,1200,0.89853099393494
gbm300,14965,7,1200,0.902498285796546
gbm300,14965,8,1200,0.924537875372674
gbm300,14965,9,1200,0.909359124676574
gbm300,14966,1,1200,0.83031235750114
gbm300,14966,10,1200,0.794862974429538
gbm300,14966,2,1200,0.833056478405316
gbm300,14966,3,1200,0.857601099782335
gbm300,14966,4,1200,0.888618398441975
gbm300,14966,5,1200,0.869773169893459
gbm300,14966,6,1200,0.829834459846489
gbm300,14966,7,1200,0.847376560888991
gbm300,14966,8,1200,0.837590299277606
gbm300,14966,9,1200,0.849673202614379
gbm300,219,1,1200,0.880204779313292
gbm300,219,10,1200,0.886909034643594
gbm300,219,2,1200,0.881157588835886
gbm300,219,3,1200,0.874070948438037
gbm300,219,4,1200,0.885715293943142
gbm300,219,5,1200,0.886967320511624
gbm300,219,6,1200,0.882422444131305
gbm300,219,7,1200,0.897842507019722
gbm300,219,8,1200,0.890928029759227
gbm300,219,9,1200,0.880449650501357
gbm300,31,1,1200,0.834285714285714
gbm300,31,10,1200,0.760476190476191
gbm300,31,2,1200,0.771428571428571
gbm300,31,3,1200,0.722857142857143
gbm300,31,4,1200,0.792380952380952
gbm300,31,5,1200,0.727619047619048
gbm300,31,6,1200,0.803809523809524
gbm300,31,7,1200,0.800952380952381
gbm300,31,8,1200,0.860952380952381
gbm300,31,9,1200,0.801904761904762
gbm300,34537,1,1200,0.984867810760668
gbm300,34537,10,1200,0.985073834411814
gbm300,34537,2,1200,0.988556851311953
gbm300,34537,3,1200,0.986766167505963
gbm300,34537,4,1200,0.987663994169096
gbm300,34537,5,1200,0.982091505433342
gbm300,34537,6,1200,0.987600589594455
gbm300,34537,7,1200,0.986045268637293
gbm300,34537,8,1200,0.986210386593662
gbm300,34537,9,1200,0.984184503069521
gbm300,3485,1,1200,0.992835330044632
gbm300,3485,10,1200,0.997639003659544
gbm300,3485,2,1200,0.938806671364811
gbm300,3485,3,1200,0.967112990368804
gbm300,3485,4,1200,0.98226450552032
gbm300,3485,5,1200,0.992482969227155
gbm300,3485,6,1200,0.999530185576697
gbm300,3485,7,1200,1
gbm300,3485,8,1200,0.984535473970015
gbm300,3485,9,1200,0.991854562625428
gbm300,3492,1,1200,0.684948979591837
gbm300,3492,10,1200,0.693121693121693
gbm300,3492,2,1200,0.6875
gbm300,3492,3,1200,0.586734693877551
gbm300,3492,4,1200,0.644132653061224
gbm300,3492,5,1200,0.723214285714286
gbm300,3492,6,1200,0.651785714285714
gbm300,3492,7,1200,0.695767195767196
gbm300,3492,8,1200,0.71031746031746
gbm300,3492,9,1200,0.829365079365079
gbm300,3493,1,1200,0.532142857142857
gbm300,3493,10,1200,0.456654456654457
gbm300,3493,2,1200,0.46875
gbm300,3493,3,1200,0.72375
gbm300,3493,4,1200,0.52
gbm300,3493,5,1200,0.60125
gbm300,3493,6,1200,0.401709401709402
gbm300,3493,7,1200,0.517704517704518
gbm300,3493,8,1200,0.68986568986569
gbm300,3493,9,1200,0.490842490842491
gbm300,3494,1,1200,0.964240102171137
gbm300,3494,10,1200,1
gbm300,3494,2,1200,1
gbm300,3494,3,1200,1
gbm300,3494,4,1200,1
gbm300,3494,5,1200,1
gbm300,3494,6,1200,1
gbm300,3494,7,1200,1
gbm300,3494,8,1200,0.956896551724138
gbm300,3494,9,1200,0.942970822281167
gbm300,37,1,1200,0.895555555555556
gbm300,37,10,1200,0.761538461538461
gbm300,37,2,1200,0.782962962962963
gbm300,37,3,1200,0.868888888888889
gbm300,37,4,1200,0.825185185185185
gbm300,37,5,1200,0.805185185185185
gbm300,37,6,1200,0.883703703703704
gbm300,37,7,1200,0.808148148148148
gbm300,37,8,1200,0.834814814814815
gbm300,37,9,1200,0.806153846153846
gbm300,3891,1,1200,0.961224082934609
gbm300,3891,10,1200,0.943382352941176
gbm300,3891,2,1200,0.919623870281765
gbm300,3891,3,1200,0.943048910154173
gbm300,3891,4,1200,0.933047581073897
gbm300,3891,5,1200,0.944843168527379
gbm300,3891,6,1200,0.911365902293121
gbm300,3891,7,1200,0.93436357593885
gbm300,3891,8,1200,0.958225324027916
gbm300,3891,9,1200,0.93355614973262
gbm300,3899,1,1200,0.96610769957487
gbm300,3899,10,1200,0.955972503944106
gbm300,3899,2,1200,0.967658823882253
gbm300,3899,3,1200,0.974861476632851
gbm300,3899,4,1200,0.96944613146786
gbm300,3899,5,1200,0.964305396225566
gbm300,3899,6,1200,0.957923759740174
gbm300,3899,7,1200,0.958162983865974
gbm300,3899,8,1200,0.964879083931081
gbm300,3899,9,1200,0.962230486064158
gbm300,3902,1,1200,0.94140625
gbm300,3902,10,1200,0.967371323529412
gbm300,3902,2,1200,0.899739583333333
gbm300,3902,3,1200,0.944878472222222
gbm300,3902,4,1200,0.953993055555556
gbm300,3902,5,1200,0.960503472222222
gbm300,3902,6,1200,0.885850694444444
gbm300,3902,7,1200,0.92578125
gbm300,3902,8,1200,0.946180555555556
gbm300,3902,9,1200,0.936121323529412
gbm300,3903,1,1200,0.782136524822695
gbm300,3903,10,1200,0.865401785714286
gbm300,3903,2,1200,0.886524822695035
gbm300,3903,3,1200,0.872340425531915
gbm300,3903,4,1200,0.8671875
gbm300,3903,5,1200,0.814732142857143
gbm300,3903,6,1200,0.779464285714286
gbm300,3903,7,1200,0.796875
gbm300,3903,8,1200,0.834375
gbm300,3903,9,1200,0.834821428571429
gbm300,3913,1,1200,0.904761904761905
gbm300,3913,10,1200,0.917960088691796
gbm300,3913,2,1200,0.892857142857143
gbm300,3913,3,1200,0.875
gbm300,3913,4,1200,0.878571428571429
gbm300,3913,5,1200,0.884523809523809
gbm300,3913,6,1200,0.882483370288248
gbm300,3913,7,1200,0.697339246119734
gbm300,3913,8,1200,0.595343680709534
gbm300,3913,9,1200,0.762749445676275
gbm300,3917,1,1200,0.81145251396648
gbm300,3917,10,1200,0.764922752808989
gbm300,3917,2,1200,0.799144553072626
gbm300,3917,3,1200,0.818173882681564
gbm300,3917,4,1200,0.803626149131767
gbm300,3917,5,1200,0.747105890364317
gbm300,3917,6,1200,0.762512768130746
gbm300,3917,7,1200,0.798433775961866
gbm300,3917,8,1200,0.83869594824651
gbm300,3917,9,1200,0.865594143684031
gbm300,3918,1,1200,0.734203296703297
gbm300,3918,10,1200,0.858529819694868
gbm300,3918,2,1200,0.877747252747253
gbm300,3918,3,1200,0.895631067961165
gbm300,3918,4,1200,0.77245145631068
gbm300,3918,5,1200,0.835558252427185
gbm300,3918,6,1200,0.911407766990291
gbm300,3918,7,1200,0.885922330097087
gbm300,3918,8,1200,0.866504854368932
gbm300,3918,9,1200,0.793689320388349
gbm300,3954,1,1200,1
gbm300,3954,10,1200,1
gbm300,3954,2,1200,1
gbm300,3954,3,1200,1
gbm300,3954,4,1200,1
gbm300,3954,5,1200,1
gbm300,3954,6,1200,1
gbm300,3954,7,1200,1
gbm300,3954,8,1200,1
gbm300,3954,9,1200,1
gbm300,43,1,1200,0.979302059947221
gbm300,43,10,1200,0.976049030673875
gbm300,43,2,1200,0.989544628033837
gbm300,43,3,1200,0.988180883864337
gbm300,43,4,1200,0.989326521317254
gbm300,43,5,1200,0.975187627477772
gbm300,43,6,1200,0.983544228598586
gbm300,43,7,1200,0.971682607576388
gbm300,43,8,1200,0.98021743004812
gbm300,43,9,1200,0.983534327412424
gbm300,49,1,1200,0.8999518999519
gbm300,49,10,1200,0.901759530791789
gbm300,49,2,1200,0.902356902356902
gbm300,49,3,1200,0.911976911976912
gbm300,49,4,1200,0.87974987974988
gbm300,49,5,1200,0.923520923520924
gbm300,49,6,1200,0.932178932178932
gbm300,49,7,1200,0.896584440227704
gbm300,49,8,1200,0.90180265654649
gbm300,49,9,1200,0.886608015640274
gbm300,9946,1,1200,1
gbm300,9946,10,1200,1
gbm300,9946,2,1200,0.998677248677249
gbm300,9946,3,1200,0.976190476190476
gbm300,9946,4,1200,0.994708994708995
gbm300,9946,5,1200,1
gbm300,9946,6,1200,1
gbm300,9946,7,1200,0.986772486772487
gbm300,9946,8,1200,0.988311688311688
gbm300,9946,9,1200,0.997402597402597
gbm300,9952,1,1200,0.887755606045639
gbm300,9952,10,1200,0.891736410307202
gbm300,9952,2,1200,0.893015904376173
gbm300,9952,3,1200,0.869677961078732
gbm300,9952,4,1200,0.883458460930554
gbm300,9952,5,1200,0.870170322751673
gbm300,9952,6,1200,0.886506726754589
gbm300,9952,7,1200,0.917837497514746
gbm300,9952,8,1200,0.886481874213003
gbm300,9952,9,1200,0.891884976642071
gbm300,9957,1,1200,0.929761904761905
gbm300,9957,10,1200,0.929549114331723
gbm300,9957,2,1200,0.946825396825397
gbm300,9957,3,1200,0.878571428571429
gbm300,9957,4,1200,0.93452380952381
gbm300,9957,5,1200,0.899603174603175
gbm300,9957,6,1200,0.899591836734694
gbm300,9957,7,1200,0.969795918367347
gbm300,9957,8,1200,0.88530612244898
gbm300,9957,9,1200,0.962857142857143
gbm300,9967,1,1200,1
gbm300,9967,10,1200,1
gbm300,9967,2,1200,1
gbm300,9967,3,1200,1
gbm300,9967,4,1200,1
gbm300,9967,5,1200,1
gbm300,9967,6,1200,1
gbm300,9967,7,1200,1
gbm300,9967,8,1200,1
gbm300,9967,9,1200,1
gbm300,9970,1,1200,0.658828271969901
gbm300,9970,10,1200,0.593989071038251
gbm300,9970,2,1200,0.482800322493953
gbm300,9970,3,1200,0.530874316939891
gbm300,9970,4,1200,0.588114754098361
gbm300,9970,5,1200,0.569125683060109
gbm300,9970,6,1200,0.564207650273224
gbm300,9970,7,1200,0.462568306010929
gbm300,9970,8,1200,0.540710382513661
gbm300,9970,9,1200,0.453005464480874
gbm300,9971,1,1200,0.715686274509804
gbm300,9971,10,1200,0.833333333333333
gbm300,9971,2,1200,0.634453781512605
gbm300,9971,3,1200,0.759103641456583
gbm300,9971,4,1200,0.708751793400287
gbm300,9971,5,1200,0.713055954088953
gbm300,9971,6,1200,0.710186513629842
gbm300,9971,7,1200,0.769010043041607
gbm300,9971,8,1200,0.739583333333333
gbm300,9971,9,1200,0.761904761904762
gbm300,9976,1,1200,0.677278106508876
gbm300,9976,10,1200,0.733431952662722
gbm300,9976,2,1200,0.690177514792899
gbm300,9976,3,1200,0.649408284023669
gbm300,9976,4,1200,0.670887573964497
gbm300,9976,5,1200,0.697278106508876
gbm300,9976,6,1200,0.677278106508876
gbm300,9976,7,1200,0.638047337278106
gbm300,9976,8,1200,0.645443786982248
gbm300,9976,9,1200,0.657100591715976
gbm300,9977,1,1200,0.986681751713985
gbm300,9977,10,1200,0.986407210741482
gbm300,9977,2,1200,0.987817877422095
gbm300,9977,3,1200,0.985260013113024
gbm300,9977,4,1200,0.988037458712532
gbm300,9977,5,1200,0.987263254256578
gbm300,9977,6,1200,0.987633162278008
gbm300,9977,7,1200,0.98715268834248
gbm300,9977,8,1200,0.989611402257402
gbm300,9977,9,1200,0.985623551148184
gbm300,9978,1,1200,0.930672268907563
gbm300,9978,10,1200,0.898997890295359
gbm300,9978,2,1200,0.914915966386555
gbm300,9978,3,1200,0.863970588235294
gbm300,9978,4,1200,0.913077731092437
gbm300,9978,5,1200,0.949894514767933
gbm300,9978,6,1200,0.901107594936709
gbm300,9978,7,1200,0.915348101265823
gbm300,9978,8,1200,0.869989451476793
gbm300,9978,9,1200,0.873681434599156
gbm300,9980,1,1200,0.54
gbm300,9980,10,1200,0.710204081632653
gbm300,9980,2,1200,0.95
gbm300,9980,3,1200,0.54
gbm300,9980,4,1200,0.87
gbm300,9980,5,1200,0.861224489795918
gbm300,9980,6,1200,0.889795918367347
gbm300,9980,7,1200,0.63265306122449
gbm300,9980,8,1200,0.902040816326531
gbm300,9980,9,1200,0.861224489795918
gbm300,9983,1,1200,0.825444266689727
gbm300,9983,10,1200,0.795817011121617
gbm300,9983,2,1200,0.803087707540643
gbm300,9983,3,1200,0.81007238700565
gbm300,9983,4,1200,0.794118600830163
gbm300,9983,5,1200,0.817733555286521
gbm300,9983,6,1200,0.813422402859449
gbm300,9983,7,1200,0.825219971463162
gbm300,9983,8,1200,0.794818316898555
gbm300,9983,9,1200,0.804324373001936
gbmtuned,10093,1,3844,1
gbmtuned,10093,10,3376,1
gbmtuned,10093,2,3844,1
gbmtuned,10093,3,3376,1
gbmtuned,10093,4,3376,1
gbmtuned,10093,5,3376,1
gbmtuned,10093,6,3376,1
gbmtuned,10093,7,3376,1
gbmtuned,10093,8,3376,1
gbmtuned,10093,9,3376,1
gbmtuned,10101,1,476,0.766081871345029
gbmtuned,10101,10,476,0.768317853457172
gbmtuned,10101,2,236,0.839668615984405
gbmtuned,10101,3,476,0.687134502923977
gbmtuned,10101,4,476,0.691520467836257
gbmtuned,10101,5,476,0.807992202729045
gbmtuned,10101,6,476,0.730019493177388
gbmtuned,10101,7,476,0.734405458089669
gbmtuned,10101,8,476,0.750974658869396
gbmtuned,10101,9,476,0.762641898864809
gbmtuned,14965,1,2236,0.91451296858349
gbmtuned,14965,10,2564,0.923412041474253
gbmtuned,14965,2,3916,0.91584562757553
gbmtuned,14965,3,3916,0.921114914138295
gbmtuned,14965,4,2104,0.92114474696084
gbmtuned,14965,5,3916,0.921113019990832
gbmtuned,14965,6,3916,0.901653969564839
gbmtuned,14965,7,3916,0.905415746426691
gbmtuned,14965,8,2564,0.925868750733982
gbmtuned,14965,9,3916,0.910104708471764
gbmtuned,14966,1,3056,0.854508663930689
gbmtuned,14966,10,3056,0.813639490884073
gbmtuned,14966,2,3056,0.847262000229121
gbmtuned,14966,3,3056,0.869572688738687
gbmtuned,14966,4,3056,0.906203459731928
gbmtuned,14966,5,3332,0.85711421697789
gbmtuned,14966,6,3056,0.833242639477603
gbmtuned,14966,7,3056,0.852875472562722
gbmtuned,14966,8,3056,0.845358903795436
gbmtuned,14966,9,3056,0.855807820204105
gbmtuned,219,1,3720,0.911939255353749
gbmtuned,219,10,3752,0.917747683833734
gbmtuned,219,2,3720,0.914071368442534
gbmtuned,219,3,3752,0.911311262577085
gbmtuned,219,4,3752,0.914602417766975
gbmtuned,219,5,3752,0.919630959187921
gbmtuned,219,6,3752,0.915916347878373
gbmtuned,219,7,3140,0.925054247839058
gbmtuned,219,8,3752,0.918782242087229
gbmtuned,219,9,3752,0.910973754901116
gbmtuned,3,1,2988,0.995068686157098
gbmtuned,3,10,3684,0.981484399621809
gbmtuned,3,2,2904,0.994599037219678
gbmtuned,3,3,2904,0.994559899808227
gbmtuned,3,4,2904,0.997025556729678
gbmtuned,3,5,2988,0.996869007083871
gbmtuned,3,6,2904,0.997338656021291
gbmtuned,3,7,1988,0.987361209544059
gbmtuned,3,8,3564,0.992534667507091
gbmtuned,3,9,3844,0.996415064607627
gbmtuned,31,1,2020,0.832380952380952
gbmtuned,31,10,2020,0.751904761904762
gbmtuned,31,2,3932,0.740952380952381
gbmtuned,31,3,3932,0.73
gbmtuned,31,4,2020,0.792857142857143
gbmtuned,31,5,3932,0.713809523809524
gbmtuned,31,6,3932,0.788571428571429
gbmtuned,31,7,3932,0.796666666666667
gbmtuned,31,8,2020,0.878095238095238
gbmtuned,31,9,2020,0.783333333333333
gbmtuned,34537,1,2996,0.984960575139147
gbmtuned,34537,10,2228,0.985294508047121
gbmtuned,34537,2,3524,0.989400013252054
gbmtuned,34537,3,3524,0.988422674264511
gbmtuned,34537,4,3812,0.98809302941956
gbmtuned,34537,5,1660,0.98174032600053
gbmtuned,34537,6,1660,0.98849527262104
gbmtuned,34537,7,2980,0.987022946378775
gbmtuned,34537,8,2980,0.98771362203418
gbmtuned,34537,9,3524,0.984904595984735
gbmtuned,3485,1,2016,0.991425886774724
gbmtuned,3485,10,3768,0.996812654940385
gbmtuned,3485,2,2332,0.940568475452196
gbmtuned,3485,3,2332,0.970166784120272
gbmtuned,3485,4,2680,0.986375381724219
gbmtuned,3485,5,2680,0.98989898989899
gbmtuned,3485,6,2016,0.997063659854358
gbmtuned,3485,7,2680,0.99803876326719
gbmtuned,3485,8,3900,0.969779246842167
gbmtuned,3485,9,3900,0.995278007319089
gbmtuned,3492,1,2776,0.716836734693878
gbmtuned,3492,10,2256,0.644179894179894
gbmtuned,3492,2,440,0.755102040816326
gbmtuned,3492,3,2256,0.664540816326531
gbmtuned,3492,4,2256,0.701530612244898
gbmtuned,3492,5,1664,0.744897959183674
gbmtuned,3492,6,1028,0.6875
gbmtuned,3492,7,1188,0.764550264550265
gbmtuned,3492,8,2256,0.67989417989418
gbmtuned,3492,9,2256,0.869047619047619
gbmtuned,3493,1,3504,0.583333333333333
gbmtuned,3493,10,2480,0.466422466422466
gbmtuned,3493,2,3476,0.48125
gbmtuned,3493,3,3476,0.6825
gbmtuned,3493,4,2700,0.52
gbmtuned,3493,5,3684,0.57125
gbmtuned,3493,6,3128,0.345543345543346
gbmtuned,3493,7,3624,0.506715506715507
gbmtuned,3493,8,1276,0.628815628815629
gbmtuned,3493,9,1276,0.518925518925519
gbmtuned,3494,1,1636,0.96551724137931
gbmtuned,3494,10,1664,1
gbmtuned,3494,2,2300,1
gbmtuned,3494,3,1664,1
gbmtuned,3494,4,3852,1
gbmtuned,3494,5,2776,1
gbmtuned,3494,6,2776,1
gbmtuned,3494,7,440,1
gbmtuned,3494,8,2776,0.958222811671088
gbmtuned,3494,9,2300,0.942970822281167
gbmtuned,37,1,1776,0.911851851851852
gbmtuned,37,10,1776,0.797692307692308
gbmtuned,37,2,2476,0.768888888888889
gbmtuned,37,3,1776,0.867407407407407
gbmtuned,37,4,1776,0.834814814814815
gbmtuned,37,5,1776,0.81037037037037
gbmtuned,37,6,1776,0.897037037037037
gbmtuned,37,7,1776,0.805925925925926
gbmtuned,37,8,928,0.847407407407407
gbmtuned,37,9,1776,0.826923076923077
gbmtuned,3891,1,1528,0.963849016480595
gbmtuned,3891,10,2504,0.944786096256685
gbmtuned,3891,2,1528,0.922115895800106
gbmtuned,3891,3,3284,0.932515948963317
gbmtuned,3891,4,3284,0.930721690590112
gbmtuned,3891,5,2504,0.944743487506645
gbmtuned,3891,6,1528,0.913060817547358
gbmtuned,3891,7,1528,0.936224659355268
gbmtuned,3891,8,2504,0.964572947823197
gbmtuned,3891,9,3284,0.939939839572193
gbmtuned,3899,1,3912,0.972942018879666
gbmtuned,3899,10,3132,0.960286605063481
gbmtuned,3899,2,3912,0.975509106177505
gbmtuned,3899,3,3912,0.983054787022666
gbmtuned,3899,4,3912,0.976293572065891
gbmtuned,3899,5,3912,0.971948549534756
gbmtuned,3899,6,3132,0.966480478373201
gbmtuned,3899,7,3988,0.966336005763894
gbmtuned,3899,8,3132,0.974955579363307
gbmtuned,3899,9,3132,0.970556306813913
gbmtuned,3902,1,2960,0.93359375
gbmtuned,3902,10,2364,0.958639705882353
gbmtuned,3902,2,2960,0.909722222222222
gbmtuned,3902,3,1100,0.940972222222222
gbmtuned,3902,4,2960,0.960069444444444
gbmtuned,3902,5,2128,0.9609375
gbmtuned,3902,6,624,0.914496527777778
gbmtuned,3902,7,2364,0.938802083333333
gbmtuned,3902,8,2364,0.946180555555556
gbmtuned,3902,9,2960,0.927389705882353
gbmtuned,3903,1,1812,0.770390070921986
gbmtuned,3903,10,2600,0.848883928571429
gbmtuned,3903,2,2564,0.863031914893617
gbmtuned,3903,3,2564,0.868351063829787
gbmtuned,3903,4,2600,0.860714285714286
gbmtuned,3903,5,2600,0.796205357142857
gbmtuned,3903,6,724,0.784151785714286
gbmtuned,3903,7,3060,0.761607142857143
gbmtuned,3903,8,824,0.797991071428571
gbmtuned,3903,9,824,0.816741071428571
gbmtuned,3913,1,1140,0.874458874458874
gbmtuned,3913,10,1140,0.900221729490022
gbmtuned,3913,2,1140,0.908008658008658
gbmtuned,3913,3,1140,0.878571428571429
gbmtuned,3913,4,1140,0.892857142857143
gbmtuned,3913,5,1140,0.913095238095238
gbmtuned,3913,6,1140,0.906873614190687
gbmtuned,3913,7,2652,0.680709534368071
gbmtuned,3913,8,1140,0.620842572062084
gbmtuned,3913,9,1140,0.78159645232816
gbmtuned,3917,1,1768,0.815904329608939
gbmtuned,3917,10,3008,0.754827949438202
gbmtuned,3917,2,1768,0.792335893854749
gbmtuned,3917,3,1768,0.819570530726257
gbmtuned,3917,4,1768,0.817585972080354
gbmtuned,3917,5,1768,0.752808988764045
gbmtuned,3917,6,3588,0.732550221314266
gbmtuned,3917,7,1768,0.810691181477698
gbmtuned,3917,8,1768,0.846356826693905
gbmtuned,3917,9,1768,0.86525366019748
gbmtuned,3918,1,608,0.721153846153846
gbmtuned,3918,10,1156,0.871012482662968
gbmtuned,3918,2,1040,0.899725274725275
gbmtuned,3918,3,1156,0.879854368932039
gbmtuned,3918,4,1156,0.760922330097087
gbmtuned,3918,5,1156,0.831917475728155
gbmtuned,3918,6,3892,0.855582524271845
gbmtuned,3918,7,1040,0.865291262135922
gbmtuned,3918,8,652,0.855582524271845
gbmtuned,3918,9,652,0.774271844660194
gbmtuned,3954,1,2904,1
gbmtuned,3954,10,2904,1
gbmtuned,3954,2,384,1
gbmtuned,3954,3,2044,1
gbmtuned,3954,4,288,1
gbmtuned,3954,5,252,1
gbmtuned,3954,6,2056,1
gbmtuned,3954,7,384,1
gbmtuned,3954,8,384,1
gbmtuned,3954,9,2056,1
gbmtuned,43,1,1776,0.98135019102761
gbmtuned,43,10,1776,0.975959919998416
gbmtuned,43,2,3648,0.990058502648431
gbmtuned,43,3,1212,0.988595936437663
gbmtuned,43,4,1776,0.990475058912058
gbmtuned,43,5,1776,0.977851046555377
gbmtuned,43,6,1776,0.987603714925048
gbmtuned,43,7,1776,0.968831065961702
gbmtuned,43,8,1776,0.982851145567239
gbmtuned,43,9,1212,0.986257153607002
gbmtuned,49,1,3088,0.989417989417989
gbmtuned,49,10,3000,0.998533724340176
gbmtuned,49,2,2316,1
gbmtuned,49,3,3000,1
gbmtuned,49,4,3000,0.996151996151996
gbmtuned,49,5,3696,0.997594997594998
gbmtuned,49,6,2032,0.999037999037999
gbmtuned,49,7,2316,0.995256166982922
gbmtuned,49,8,2032,0.995256166982922
gbmtuned,49,9,3000,0.998044965786901
gbmtuned,9946,1,2788,1
gbmtuned,9946,10,3288,1
gbmtuned,9946,2,2256,1
gbmtuned,9946,3,1388,0.977513227513228
gbmtuned,9946,4,1388,0.996031746031746
gbmtuned,9946,5,1028,1
gbmtuned,9946,6,1188,0.997354497354497
gbmtuned,9946,7,2104,0.976190476190476
gbmtuned,9946,8,3852,0.98961038961039
gbmtuned,9946,9,3852,0.996103896103896
gbmtuned,9952,1,3652,0.896769732292799
gbmtuned,9952,10,2668,0.897637795275591
gbmtuned,9952,2,3652,0.899733280648029
gbmtuned,9952,3,3652,0.874740689518917
gbmtuned,9952,4,3652,0.884454542461062
gbmtuned,9952,5,2668,0.882033269269004
gbmtuned,9952,6,2668,0.893863079064219
gbmtuned,9952,7,2668,0.925069587116442
gbmtuned,9952,8,2668,0.893713963814699
gbmtuned,9952,9,2668,0.902424932732465
gbmtuned,9957,1,976,0.918650793650794
gbmtuned,9957,10,456,0.923913043478261
gbmtuned,9957,2,456,0.950793650793651
gbmtuned,9957,3,2416,0.863492063492064
gbmtuned,9957,4,3248,0.926587301587302
gbmtuned,9957,5,456,0.890476190476191
gbmtuned,9957,6,456,0.904489795918367
gbmtuned,9957,7,456,0.958163265306123
gbmtuned,9957,8,456,0.897142857142857
gbmtuned,9957,9,976,0.96
gbmtuned,9967,1,3616,1
gbmtuned,9967,10,3772,1
gbmtuned,9967,2,3772,1
gbmtuned,9967,3,3772,1
gbmtuned,9967,4,3772,1
gbmtuned,9967,5,3772,1
gbmtuned,9967,6,3772,1
gbmtuned,9967,7,3772,1
gbmtuned,9967,8,3772,1
gbmtuned,9967,9,3772,1
gbmtuned,9970,1,1960,0.686777747917227
gbmtuned,9970,10,3432,0.596857923497268
gbmtuned,9970,2,1960,0.614216608438592
gbmtuned,9970,3,3432,0.659972677595628
gbmtuned,9970,4,3432,0.686475409836066
gbmtuned,9970,5,3948,0.568852459016393
gbmtuned,9970,6,1960,0.592896174863388
gbmtuned,9970,7,3432,0.539071038251366
gbmtuned,9970,8,1960,0.532786885245902
gbmtuned,9970,9,3432,0.523770491803279
gbmtuned,9971,1,244,0.749299719887955
gbmtuned,9971,10,244,0.816964285714286
gbmtuned,9971,2,244,0.619047619047619
gbmtuned,9971,3,1800,0.708683473389356
gbmtuned,9971,4,244,0.710186513629842
gbmtuned,9971,5,2832,0.707317073170732
gbmtuned,9971,6,244,0.714490674318508
gbmtuned,9971,7,244,0.769727403156385
gbmtuned,9971,8,2832,0.735119047619048
gbmtuned,9971,9,2832,0.741071428571429
gbmtuned,9976,1,312,0.652662721893491
gbmtuned,9976,10,312,0.718520710059172
gbmtuned,9976,2,312,0.720710059171598
gbmtuned,9976,3,312,0.638934911242604
gbmtuned,9976,4,240,0.663195266272189
gbmtuned,9976,5,240,0.721005917159763
gbmtuned,9976,6,240,0.688639053254438
gbmtuned,9976,7,240,0.645325443786982
gbmtuned,9976,8,312,0.680414201183432
gbmtuned,9976,9,312,0.658165680473373
gbmtuned,9977,1,3848,0.991647521530027
gbmtuned,9977,10,3848,0.991223507889019
gbmtuned,9977,2,3848,0.992888865063689
gbmtuned,9977,3,3100,0.990595323021603
gbmtuned,9977,4,3848,0.993948628287019
gbmtuned,9977,5,3848,0.993331738877641
gbmtuned,9977,6,3848,0.992256279183426
gbmtuned,9977,7,3848,0.992178264085647
gbmtuned,9977,8,3848,0.99445473638327
gbmtuned,9977,9,3848,0.991416894520286
gbmtuned,9978,1,1468,0.939863445378151
gbmtuned,9978,10,1592,0.901635021097046
gbmtuned,9978,2,3832,0.886029411764706
gbmtuned,9978,3,1468,0.84375
gbmtuned,9978,4,1468,0.923581932773109
gbmtuned,9978,5,472,0.949894514767933
gbmtuned,9978,6,472,0.879746835443038
gbmtuned,9978,7,1592,0.910073839662447
gbmtuned,9978,8,1592,0.873945147679325
gbmtuned,9978,9,1592,0.904799578059072
gbmtuned,9980,1,252,0.605
gbmtuned,9980,10,1184,0.828571428571429
gbmtuned,9980,2,252,0.96
gbmtuned,9980,3,252,0.565
gbmtuned,9980,4,388,0.81
gbmtuned,9980,5,388,0.902040816326531
gbmtuned,9980,6,252,0.885714285714286
gbmtuned,9980,7,252,0.702040816326531
gbmtuned,9980,8,252,0.991836734693878
gbmtuned,9980,9,252,0.844897959183673
gbmtuned,9983,1,2512,0.856081733540874
gbmtuned,9983,10,2512,0.841390427304246
gbmtuned,9983,2,3104,0.840220728121757
gbmtuned,9983,3,3104,0.858427375187363
gbmtuned,9983,4,2512,0.846976608439986
gbmtuned,9983,5,2512,0.849934783235328
gbmtuned,9983,6,2512,0.856103352357892
gbmtuned,9983,7,2512,0.864552706675891
gbmtuned,9983,8,2512,0.834603989373677
gbmtuned,9983,9,2512,0.848931514250979
logreg,10093,1,5,1
logreg,10093,10,5,1
logreg,10093,2,5,1
logreg,10093,3,5,1
logreg,10093,4,5,0.999784296807593
logreg,10093,5,5,1
logreg,10093,6,5,1
logreg,10093,7,5,1
logreg,10093,8,5,1
logreg,10093,9,5,0.998921484037964
logreg,10101,1,5,0.778265107212476
logreg,10101,10,5,0.776573787409701
logreg,10101,2,5,0.839668615984405
logreg,10101,3,5,0.678362573099415
logreg,10101,4,5,0.689571150097466
logreg,10101,5,5,0.778752436647174
logreg,10101,6,5,0.737329434697856
logreg,10101,7,5,0.785087719298246
logreg,10101,8,5,0.73635477582846
logreg,10101,9,5,0.734262125902993
logreg,14965,1,43,0.907484600887091
logreg,14965,10,43,0.916900909569612
logreg,14965,2,43,0.904180326935774
logreg,14965,3,43,0.913414731163651
logreg,14965,4,43,0.91183027681071
logreg,14965,5,43,0.912363005784726
logreg,14965,6,43,0.891117300764099
logreg,14965,7,43,0.893554121475465
logreg,14965,8,43,0.916008292577594
logreg,14965,9,43,0.900038261778756
logreg,14966,1,1777,0.685248518011856
logreg,14966,10,1777,0.660818713450292
logreg,14966,2,1777,0.674003322259136
logreg,14966,3,1777,0.639520563638447
logreg,14966,4,1777,0.687163478061634
logreg,14966,5,1777,0.645134035972047
logreg,14966,6,1777,0.659869400847749
logreg,14966,7,1777,0.647597090159239
logreg,14966,8,1777,0.660044719642243
logreg,14966,9,1777,0.696551427588579
logreg,219,1,14,0.668932470696274
logreg,219,10,14,0.795172220999269
logreg,219,2,14,0.795133795900667
logreg,219,3,14,0.8143589504349
logreg,219,4,14,0.65743147546945
logreg,219,5,14,0.819694517479328
logreg,219,6,14,0.641115455988874
logreg,219,7,14,0.841430436367145
logreg,219,8,14,0.668674170279695
logreg,219,9,14,0.820659820257841
logreg,31,1,49,0.832380952380952
logreg,31,10,49,0.81047619047619
logreg,31,2,49,0.752857142857143
logreg,31,3,49,0.744761904761905
logreg,31,4,49,0.778571428571429
logreg,31,5,49,0.744761904761905
logreg,31,6,49,0.785238095238095
logreg,31,7,49,0.777142857142857
logreg,31,8,49,0.847142857142857
logreg,31,9,49,0.794761904761905
logreg,34537,1,39,0.985291876490856
logreg,34537,10,39,0.984967645594823
logreg,34537,2,39,0.989454677975086
logreg,34537,3,39,0.988399483169891
logreg,34537,4,39,0.988556851311953
logreg,34537,5,39,0.98192254174397
logreg,34537,6,39,0.988604825644703
logreg,34537,7,39,0.98723541284891
logreg,34537,8,39,0.987808196449311
logreg,34537,9,39,0.985276256844201
logreg,3485,1,300,0.963354474982382
logreg,3485,10,300,0.970664620469838
logreg,3485,2,300,0.919191919191919
logreg,3485,3,300,0.925358233497768
logreg,3485,4,300,0.971811134601832
logreg,3485,5,300,0.973279304674654
logreg,3485,6,300,0.954839088560019
logreg,3485,7,300,0.972196585140748
logreg,3485,8,300,0.944398536182269
logreg,3485,9,300,0.96989729665919
logreg,3492,1,12,0.67984693877551
logreg,3492,10,12,0.648148148148148
logreg,3492,2,12,0.705357142857143
logreg,3492,3,12,0.594387755102041
logreg,3492,4,12,0.63265306122449
logreg,3492,5,12,0.752551020408163
logreg,3492,6,12,0.709183673469388
logreg,3492,7,12,0.69047619047619
logreg,3492,8,12,0.707671957671958
logreg,3492,9,12,0.849206349206349
logreg,3493,1,12,0.539285714285714
logreg,3493,10,12,0.467643467643468
logreg,3493,2,12,0.475
logreg,3493,3,12,0.725
logreg,3493,4,12,0.51625
logreg,3493,5,12,0.63625
logreg,3493,6,12,0.38949938949939
logreg,3493,7,12,0.511599511599512
logreg,3493,8,12,0.677655677655678
logreg,3493,9,12,0.492063492063492
logreg,3494,1,12,0.96551724137931
logreg,3494,10,12,1
logreg,3494,2,12,1
logreg,3494,3,12,1
logreg,3494,4,12,1
logreg,3494,5,12,1
logreg,3494,6,12,1
logreg,3494,7,12,1
logreg,3494,8,12,0.958222811671088
logreg,3494,9,12,0.942970822281167
logreg,37,1,9,0.915555555555556
logreg,37,10,9,0.767692307692308
logreg,37,2,9,0.737037037037037
logreg,37,3,9,0.885185185185185
logreg,37,4,9,0.833333333333333
logreg,37,5,9,0.811851851851852
logreg,37,6,9,0.891111111111111
logreg,37,7,9,0.798518518518519
logreg,37,8,9,0.872592592592593
logreg,37,9,9,0.826153846153846
logreg,3891,1,971,0.81087187666135
logreg,3891,10,971,0.788887032085561
logreg,3891,2,971,0.787912014885699
logreg,3891,3,971,0.794690324295587
logreg,3891,4,971,0.798411749069644
logreg,3891,5,971,0.80867889420521
logreg,3891,6,971,0.831472249916916
logreg,3891,7,971,0.785526753074111
logreg,3891,8,971,0.772549019607843
logreg,3891,9,971,0.75783756684492
logreg,3899,1,6,0.885917853206469
logreg,3899,10,6,0.875236646382691
logreg,3899,2,6,0.881413500686056
logreg,3899,3,6,0.8970971950424
logreg,3899,4,6,0.895803810423555
logreg,3899,5,6,0.889760517653763
logreg,3899,6,6,0.887530888056243
logreg,3899,7,6,0.873779722424963
logreg,3899,8,6,0.885382561593176
logreg,3899,9,6,0.897117046052137
logreg,3902,1,38,0.932291666666667
logreg,3902,10,38,0.911764705882353
logreg,3902,2,38,0.855034722222222
logreg,3902,3,38,0.940972222222222
logreg,3902,4,38,0.912760416666667
logreg,3902,5,38,0.955729166666667
logreg,3902,6,38,0.918836805555556
logreg,3902,7,38,0.942274305555556
logreg,3902,8,38,0.90625
logreg,3902,9,38,0.880514705882353
logreg,3903,1,38,0.699911347517731
logreg,3903,10,38,0.8265625
logreg,3903,2,38,0.910017730496454
logreg,3903,3,38,0.892730496453901
logreg,3903,4,38,0.828571428571429
logreg,3903,5,38,0.79375
logreg,3903,6,38,0.765401785714286
logreg,3903,7,38,0.810714285714286
logreg,3903,8,38,0.856696428571429
logreg,3903,9,38,0.847767857142857
logreg,3913,1,22,0.867965367965368
logreg,3913,10,22,0.840354767184035
logreg,3913,2,22,0.928571428571429
logreg,3913,3,22,0.773809523809524
logreg,3913,4,22,0.921428571428571
logreg,3913,5,22,0.866666666666667
logreg,3913,6,22,0.793791574279379
logreg,3913,7,22,0.832594235033259
logreg,3913,8,22,0.516629711751663
logreg,3913,9,22,0.829268292682927
logreg,3917,1,22,0.828299581005587
logreg,3917,10,22,0.763167134831461
logreg,3917,2,22,0.809968575418994
logreg,3917,3,22,0.807699022346369
logreg,3917,4,22,0.810946544092611
logreg,3917,5,22,0.762172284644195
logreg,3917,6,22,0.796731358529111
logreg,3917,7,22,0.790772897514471
logreg,3917,8,22,0.82822608103507
logreg,3917,9,22,0.84542049710589
logreg,3918,1,22,0.791208791208791
logreg,3918,10,22,0.871012482662968
logreg,3918,2,22,0.842032967032967
logreg,3918,3,22,0.875
logreg,3918,4,22,0.655339805825243
logreg,3918,5,22,0.762135922330097
logreg,3918,6,22,0.839805825242719
logreg,3918,7,22,0.87621359223301
logreg,3918,8,22,0.837378640776699
logreg,3918,9,22,0.783980582524272
logreg,3954,1,12,1
logreg,3954,10,12,1
logreg,3954,2,12,1
logreg,3954,3,12,0.999998787698045
logreg,3954,4,12,1
logreg,3954,5,12,0.999998787698045
logreg,3954,6,12,1
logreg,3954,7,12,1
logreg,3954,8,12,1
logreg,3954,9,12,1
logreg,43,1,58,0.975225491354524
logreg,43,10,58,0.961405176340126
logreg,43,2,58,0.97377263024745
logreg,43,3,58,0.979267135741956
logreg,43,4,58,0.986237351234678
logreg,43,5,58,0.964811184379889
logreg,43,6,58,0.973207390245351
logreg,43,7,58,0.9558209073447
logreg,43,8,58,0.975623279668904
logreg,43,9,58,0.974217311233886
logreg,49,1,19,0.995189995189995
logreg,49,10,19,0.998533724340176
logreg,49,2,19,1
logreg,49,3,19,1
logreg,49,4,19,0.995670995670996
logreg,49,5,19,0.997113997113997
logreg,49,6,19,0.994227994227994
logreg,49,7,19,0.994781783681214
logreg,49,8,19,0.994307400379507
logreg,49,9,19,0.997067448680352
logreg,9946,1,31,0.958333333333333
logreg,9946,10,31,1
logreg,9946,2,31,0.961640211640212
logreg,9946,3,31,0.960978835978836
logreg,9946,4,31,0.9755291005291
logreg,9946,5,31,0.970899470899471
logreg,9946,6,31,0.972222222222222
logreg,9946,7,31,0.894179894179894
logreg,9946,8,31,0.917532467532468
logreg,9946,9,31,0.924675324675325
logreg,9952,1,6,0.791497909051994
logreg,9952,10,6,0.828125257927665
logreg,9952,2,6,0.826434851328657
logreg,9952,3,6,0.781784056109849
logreg,9952,4,6,0.821791958905463
logreg,9952,5,6,0.804261382464047
logreg,9952,6,6,0.796573662933263
logreg,9952,7,6,0.85371794022135306
logreg,9952,8,6,0.813373981045795
logreg,9952,9,6,0.81042935670777
logreg,9957,1,42,0.941269841269841
logreg,9957,10,42,0.901771336553945
logreg,9957,2,42,0.953174603174603
logreg,9957,3,42,0.887698412698413
logreg,9957,4,42,0.903571428571429
logreg,9957,5,42,0.928174603174603
logreg,9957,6,42,0.896326530612245
logreg,9957,7,42,0.966938775510204
logreg,9957,8,42,0.887755102040816
logreg,9957,9,42,0.957142857142857
logreg,9967,1,34,1
logreg,9967,10,34,1
logreg,9967,2,34,1
logreg,9967,3,34,1
logreg,9967,4,34,1
logreg,9967,5,34,1
logreg,9967,6,34,1
logreg,9967,7,34,1
logreg,9967,8,34,1
logreg,9967,9,34,1
logreg,9970,1,101,0.532786885245902
logreg,9970,10,101,0.575136612021858
logreg,9970,2,101,0.581967213114754
logreg,9970,3,101,0.573497267759563
logreg,9970,4,101,0.658333333333333
logreg,9970,5,101,0.548907103825137
logreg,9970,6,101,0.573770491803279
logreg,9970,7,101,0.658469945355191
logreg,9970,8,101,0.606420765027322
logreg,9970,9,101,0.590163934426229
logreg,9971,1,11,0.658263305322129
logreg,9971,10,11,0.772321428571429
logreg,9971,2,11,0.634453781512605
logreg,9971,3,11,0.791316526610644
logreg,9971,4,11,0.717360114777618
logreg,9971,5,11,0.704447632711621
logreg,9971,6,11,0.761836441893831
logreg,9971,7,11,0.856527977044476
logreg,9971,8,11,0.800595238095238
logreg,9971,9,11,0.78422619047619
logreg,9976,1,501,0.601715976331361
logreg,9976,10,501,0.625680473372781
logreg,9976,2,501,0.593609467455621
logreg,9976,3,501,0.508994082840237
logreg,9976,4,501,0.574733727810651
logreg,9976,5,501,0.647633136094675
logreg,9976,6,501,0.576923076923077
logreg,9976,7,501,0.538698224852071
logreg,9976,8,501,0.593786982248521
logreg,9976,9,501,0.592011834319527
logreg,9977,1,146,0.987729370290049
logreg,9977,10,146,0.986901719139044
logreg,9977,2,146,0.98755623549011
logreg,9977,3,146,0.986583480064493
logreg,9977,4,146,0.988592081878049
logreg,9977,5,146,0.988495589818026
logreg,9977,6,146,0.988931762794476
logreg,9977,7,146,0.987541112718195
logreg,9977,8,146,0.990954376440596
logreg,9977,9,146,0.988182570188821
logreg,9978,1,73,0.964285714285714
logreg,9978,10,73,0.885021097046414
logreg,9978,2,73,0.939338235294118
logreg,9978,3,73,0.859506302521008
logreg,9978,4,73,0.887079831932773
logreg,9978,5,73,0.940137130801688
logreg,9978,6,73,0.908227848101266
logreg,9978,7,73,0.906381856540084
logreg,9978,8,73,0.882647679324895
logreg,9978,9,73,0.851529535864979
logreg,9980,1,21,0.7
logreg,9980,10,21,0.836734693877551
logreg,9980,2,21,0.96
logreg,9980,3,21,0.7
logreg,9980,4,21,0.805
logreg,9980,5,21,0.881632653061225
logreg,9980,6,21,0.885714285714286
logreg,9980,7,21,0.861224489795918
logreg,9980,8,21,1
logreg,9980,9,21,0.889795918367347
logreg,9983,1,15,0.677607589646028
logreg,9983,10,15,0.684830474132109
logreg,9983,2,15,0.682579917560244
logreg,9983,3,15,0.66961042891733
logreg,9983,4,15,0.677823777816211
logreg,9983,5,15,0.669731133979015
logreg,9983,6,15,0.67848315173527
logreg,9983,7,15,0.673575680272109
logreg,9983,8,15,0.659323697600072
logreg,9983,9,15,0.682269350263407
svm,10093,1,84,1
svm,10093,10,86,1
svm,10093,2,95,1
svm,10093,3,89,1
svm,10093,4,91,1
svm,10093,5,87,1
svm,10093,6,87,1
svm,10093,7,89,1
svm,10093,8,88,1
svm,10093,9,86,1
svm,10101,1,333,0.762670565302144
svm,10101,10,352,0.649638802889577
svm,10101,2,344,0.726120857699805
svm,10101,3,336,0.61598440545809
svm,10101,4,352,0.716861598440546
svm,10101,5,359,0.738791423001949
svm,10101,6,339,0.6135477582846
svm,10101,7,348,0.693469785575049
svm,10101,8,340,0.6817738791423
svm,10101,9,351,0.712074303405573
svm,14965,1,9070,0.907661185903308
svm,14965,10,9089,0.913757098317618
svm,14965,2,9050,0.907385272712095
svm,14965,3,9129,0.909623121479253
svm,14965,4,9084,0.900697425095939
svm,14965,5,9092,0.908192566607696
svm,14965,6,9022,0.887982960249421
svm,14965,7,9017,0.886541987566816
svm,14965,8,9105,0.901296922768031
svm,14965,9,9086,0.89732347492717
svm,14966,1,2412,0.869585043319653
svm,14966,10,2381,0.838292626992317
svm,14966,2,2410,0.849209531446901
svm,14966,3,2438,0.869830450223393
svm,14966,4,2426,0.884551495016611
svm,14966,5,2401,0.854250200481155
svm,14966,6,2309,0.852388589758277
svm,14966,7,2346,0.84554359033108
svm,14966,8,2406,0.85411650040133
svm,14966,9,2343,0.869051714252953
svm,219,1,19608,0.880518164164637
svm,219,10,19643,0.880543964089852
svm,219,2,19548,0.874494797711822
svm,219,3,19513,0.871057611563941
svm,219,4,19590,0.878183995272603
svm,219,5,19587,0.878916470688623
svm,219,6,19595,0.874977969914679
svm,219,7,19662,0.883169772410279
svm,219,8,19649,0.882437812849937
svm,219,9,19549,0.875255224932924
svm,31,1,575,0.807619047619048
svm,31,10,577,0.778571428571429
svm,31,2,579,0.769523809523809
svm,31,3,572,0.753333333333333
svm,31,4,574,0.759523809523809
svm,31,5,578,0.764285714285714
svm,31,6,576,0.822857142857143
svm,31,7,574,0.822380952380952
svm,31,8,581,0.873809523809524
svm,31,9,573,0.764285714285714
svm,34537,1,1664,0.988614829048503
svm,34537,10,1701,0.991881533101045
svm,34537,2,1692,0.992146501457726
svm,34537,3,1694,0.99254075006626
svm,34537,4,1707,0.991049893983567
svm,34537,5,1670,0.992174662072621
svm,34537,6,1720,0.993556290335431
svm,34537,7,1701,0.991972751175205
svm,34537,8,1703,0.992721088435374
svm,34537,9,1682,0.991971129915381
svm,3485,1,747,0.952313836034766
svm,3485,10,751,0.940738991854563
svm,3485,2,758,0.919309372797745
svm,3485,3,731,0.898637538172422
svm,3485,4,741,0.936809960065774
svm,3485,5,752,0.96041813483674
svm,3485,6,755,0.931876908621095
svm,3485,7,760,0.979233964005538
svm,3485,8,743,0.953724471727069
svm,3485,9,748,0.955377169165388
svm,3492,1,368,1
svm,3492,10,376,1
svm,3492,2,367,1
svm,3492,3,372,1
svm,3492,4,359,1
svm,3492,5,384,1
svm,3492,6,365,1
svm,3492,7,365,1
svm,3492,8,363,1
svm,3492,9,380,1
svm,3493,1,410,0.689285714285714
svm,3493,10,402,0.566544566544567
svm,3493,2,411,0.57625
svm,3493,3,410,0.68875
svm,3493,4,409,0.63875
svm,3493,5,407,0.69625
svm,3493,6,406,0.608058608058608
svm,3493,7,402,0.633699633699634
svm,3493,8,404,0.758241758241758
svm,3493,9,408,0.667887667887668
svm,3494,1,272,0.948914431673052
svm,3494,10,247,1
svm,3494,2,253,1
svm,3494,3,262,1
svm,3494,4,249,1
svm,3494,5,273,1
svm,3494,6,276,1
svm,3494,7,253,1
svm,3494,8,238,0.95159151193634
svm,3494,9,249,0.942970822281167
svm,37,1,402,0.9
svm,37,10,396,0.786153846153846
svm,37,2,395,0.751851851851852
svm,37,3,398,0.851111111111111
svm,37,4,390,0.791111111111111
svm,37,5,390,0.824444444444444
svm,37,6,394,0.852592592592593
svm,37,7,391,0.83037037037037
svm,37,8,400,0.89037037037037
svm,37,9,400,0.8
svm,3891,1,1564,0.983419723551302
svm,3891,10,1557,0.973195187165775
svm,3891,2,1534,0.952751196172249
svm,3891,3,1556,0.966374269005848
svm,3891,4,1542,0.963284157363105
svm,3891,5,1562,0.969397926634769
svm,3891,6,1538,0.942239946826188
svm,3891,7,1540,0.961149883682286
svm,3891,8,1555,0.975639747424394
svm,3891,9,1560,0.959859625668449
svm,3899,1,4541,0.942474375988783
svm,3899,10,4495,0.921444669821952
svm,3899,2,4481,0.940717997165801
svm,3899,3,4572,0.949190603654468
svm,3899,4,4501,0.933090776855538
svm,3899,5,4482,0.933645620112318
svm,3899,6,4500,0.932715165683815
svm,3899,7,4438,0.917646860159895
svm,3899,8,4512,0.937238846996002
svm,3899,9,4496,0.931750056344377
svm,3902,1,406,0.919270833333333
svm,3902,10,401,0.926011029411765
svm,3902,2,383,0.863715277777778
svm,3902,3,410,0.922309027777778
svm,3902,4,398,0.883246527777778
svm,3902,5,405,0.927517361111111
svm,3902,6,408,0.901041666666667
svm,3902,7,397,0.8984375
svm,3902,8,408,0.88671875
svm,3902,9,389,0.866498161764706
svm,3903,1,446,0.694148936170213
svm,3903,10,443,0.697098214285714
svm,3903,2,448,0.749113475177305
svm,3903,3,450,0.819148936170213
svm,3903,4,437,0.807142857142857
svm,3903,5,466,0.860714285714286
svm,3903,6,429,0.680580357142857
svm,3903,7,435,0.649553571428571
svm,3903,8,440,0.620089285714286
svm,3903,9,436,0.65625
svm,3913,1,226,0.850649350649351
svm,3913,10,217,0.813747228381375
svm,3913,2,202,0.865800865800866
svm,3913,3,213,0.883333333333333
svm,3913,4,207,0.733333333333333
svm,3913,5,222,0.902380952380952
svm,3913,6,207,0.776053215077605
svm,3913,7,221,0.637472283813747
svm,3913,8,222,0.634146341463415
svm,3913,9,206,0.725055432372506
svm,3917,1,742,0.716742318435754
svm,3917,10,740,0.627984550561798
svm,3917,2,764,0.704608938547486
svm,3917,3,754,0.755673882681564
svm,3917,4,740,0.72531494722506
svm,3917,5,726,0.697820905686074
svm,3917,6,750,0.769748042219952
svm,3917,7,756,0.739359891045284
svm,3917,8,750,0.806094654409261
svm,3917,9,763,0.857167177391896
svm,3918,1,314,0.846153846153846
svm,3918,10,304,0.68377253814147
svm,3918,2,276,0.748626373626374
svm,3918,3,292,0.838592233009709
svm,3918,4,293,0.799757281553398
svm,3918,5,278,0.769417475728155
svm,3918,6,294,0.753640776699029
svm,3918,7,308,0.827063106796116
svm,3918,8,288,0.766990291262136
svm,3918,9,292,0.779126213592233
svm,3954,1,1213,0.999667601587748
svm,3954,10,1191,0.999689650699438
svm,3954,2,1190,0.999793767408457
svm,3954,3,1205,0.999779361044131
svm,3954,4,1196,0.999843613047763
svm,3954,5,1209,0.999769662628489
svm,3954,6,1211,0.999911501957262
svm,3954,7,1204,0.999866646784915
svm,3954,8,1197,0.999727232060053
svm,3954,9,1223,0.999839976141898
svm,43,1,1297,0.976092008350073
svm,43,10,1295,0.960533871957861
svm,43,2,1317,0.978812554352123
svm,43,3,1347,0.980729701952724
svm,43,4,1325,0.982415493376106
svm,43,5,1283,0.9670290500802
svm,43,6,1301,0.979247113804234
svm,43,7,1271,0.968415216142894
svm,43,8,1297,0.982890750311887
svm,43,9,1302,0.977524307412028
svm,49,1,483,0.992303992303992
svm,49,10,492,1
svm,49,2,499,1
svm,49,3,495,1
svm,49,4,499,0.995670995670996
svm,49,5,510,0.997594997594998
svm,49,6,515,1
svm,49,7,494,0.999525616698292
svm,49,8,510,0.996204933586338
svm,49,9,502,0.998533724340176
svm,9946,1,125,1
svm,9946,10,141,1
svm,9946,2,127,0.998677248677249
svm,9946,3,131,0.977513227513228
svm,9946,4,121,1
svm,9946,5,122,1
svm,9946,6,127,1
svm,9946,7,130,0.981481481481482
svm,9946,8,124,0.997402597402597
svm,9946,9,127,0.992207792207792
svm,9952,1,1918,0.917152359313774
svm,9952,10,1939,0.910397992703742
svm,9952,2,1960,0.925367973920774
svm,9952,3,1936,0.914715663999473
svm,9952,4,1905,0.898383219730646
svm,9952,5,1913,0.905825435747896
svm,9952,6,1905,0.911988866061369
svm,9952,7,1939,0.932268539996024
svm,9952,8,1924,0.906869242494532
svm,9952,9,1912,0.910084352663464
svm,9957,1,441,0.957142857142857
svm,9957,10,437,0.91183574879227
svm,9957,2,449,0.972222222222222
svm,9957,3,425,0.878174603174603
svm,9957,4,442,0.927777777777778
svm,9957,5,427,0.928968253968254
svm,9957,6,433,0.893877551020408
svm,9957,7,442,0.971836734693878
svm,9957,8,437,0.911020408163265
svm,9957,9,453,0.963673469387755
svm,9967,1,270,0.999884205650764
svm,9967,10,267,1
svm,9967,2,269,0.999882477376895
svm,9967,3,266,1
svm,9967,4,268,1
svm,9967,5,261,0.999882477376895
svm,9967,6,260,1
svm,9967,7,263,1
svm,9967,8,273,1
svm,9967,9,273,1
svm,9970,1,1070,0.626981994087611
svm,9970,10,1063,0.559836065573771
svm,9970,2,1066,0.623219564633163
svm,9970,3,1061,0.549043715846995
svm,9970,4,1069,0.398633879781421
svm,9970,5,1058,0.57568306010929
svm,9970,6,1057,0.50327868852459
svm,9970,7,1060,0.477595628415301
svm,9970,8,1063,0.548907103825137
svm,9970,9,1061,0.566939890710383
svm,9971,1,353,0.579831932773109
svm,9971,10,362,0.717261904761905
svm,9971,2,344,0.581232492997199
svm,9971,3,362,0.735294117647059
svm,9971,4,367,0.48493543758967
svm,9971,5,370,0.694404591104735
svm,9971,6,364,0.667144906743185
svm,9971,7,361,0.72883787661406
svm,9971,8,363,0.717261904761905
svm,9971,9,360,0.69047619047619
svm,9976,1,2184,0.648402366863905
svm,9976,10,2188,0.671656804733728
svm,9976,2,2166,0.64094674556213
svm,9976,3,2169,0.561301775147929
svm,9976,4,2177,0.591301775147929
svm,9976,5,2189,0.668934911242604
svm,9976,6,2186,0.639940828402367
svm,9976,7,2166,0.572426035502959
svm,9976,8,2167,0.618284023668639
svm,9976,9,2165,0.599763313609467
svm,9977,1,4667,0.989747861851335
svm,9977,10,4661,0.990792567348907
svm,9977,2,4668,0.991103349594032
svm,9977,3,4653,0.988990833254298
svm,9977,4,4664,0.992145381370435
svm,9977,5,4692,0.991385815667177
svm,9977,6,4663,0.991036519321326
svm,9977,7,4632,0.989610783089959
svm,9977,8,4694,0.991779520252554
svm,9977,9,4657,0.989674350947409
svm,9978,1,394,0.94984243697479
svm,9978,10,380,0.926160337552743
svm,9978,2,371,0.952205882352941
svm,9978,3,402,0.88813025210084
svm,9978,4,373,0.900997899159664
svm,9978,5,380,0.875263713080169
svm,9978,6,397,0.904008438818565
svm,9978,7,381,0.816455696202532
svm,9978,8,366,0.898470464135021
svm,9978,9,379,0.886603375527426
svm,9980,1,139,0.725
svm,9980,10,137,0.828571428571429
svm,9980,2,143,0.935
svm,9980,3,140,0.775
svm,9980,4,141,0.865
svm,9980,5,138,0.914285714285714
svm,9980,6,142,0.86530612244898
svm,9980,7,142,0.836734693877551
svm,9980,8,152,0.955102040816327
svm,9980,9,136,0.828571428571429
svm,9983,1,6677,0.930010881471233
svm,9983,10,8315,0.858174613895268
svm,9983,2,8335,0.867923440562666
svm,9983,3,8411,0.86385189669088
svm,9983,4,8385,0.884789720973135
svm,9983,5,6532,0.944047799204427
svm,9983,6,8394,0.866700175833045
svm,9983,7,8411,0.882689092586187
svm,9983,8,8388,0.868386690080598
svm,9983,9,8490,0.869786122743032
